year,Rank,name,Points,GD,GF,GA,Win,Draw,Loss,g_age,g_total_value,g_avg_value,d_age,d_total_value,d_avg_value,m_age,m_total_value,m_avg_value,a_age,a_total_value,a_avg_value,link
2018,1,manchester city,98,72,95,21,32,2,4,"27,00",£67.05m,£22.35m,"26,60",£274.95m,£27.50m,"28,33",£226.80m,£37.80m,"24,86",£485.10m,£69.30m,/manchester-city/startseite/verein/281/saison_id/2018
2018,2,liverpool,97,67,89,22,30,7,1,"29,33",£79.65m,£26.55m,"25,22",£302.85m,£33.65m,"27,86",£234.00m,£33.43m,"25,25",£384.30m,£48.04m,/fc-liverpool/startseite/verein/31/saison_id/2018
2018,3,chelsea,72,24,63,39,21,9,8,"31,25",£55.58m,£13.89m,"26,23",£230.40m,£17.72m,"25,88",£253.80m,£31.73m,"27,29",£283.50m,£40.50m,/fc-chelsea/startseite/verein/631/saison_id/2018
2018,4,tottenham hotspur,71,28,67,39,23,2,13,"31,33",£25.20m,£8.40m,"25,70",£221.40m,£22.14m,"24,38",£277.20m,£34.65m,"27,17",£269.55m,£44.93m,/tottenham-hotspur/startseite/verein/148/saison_id/2018
2018,5,arsenal,70,22,73,51,21,7,10,"27,60",£31.28m,£6.26m,"27,08",£139.95m,£11.66m,"25,44",£231.30m,£25.70m,"25,80",£166.50m,£33.30m,/fc-arsenal/startseite/verein/11/saison_id/2018
2018,6,manchester united,66,11,65,54,19,9,10,"32,00",£62.33m,£20.78m,"25,85",£177.30m,£13.64m,"26,71",£204.30m,£29.19m,"24,83",£262.35m,£43.73m,/manchester-united/startseite/verein/985/saison_id/2018
2018,7,wolverhampton wanderers,57,1,47,46,16,9,13,"27,50",£20.93m,£5.23m,"25,50",£65.03m,£8.13m,"25,20",£77.40m,£15.48m,"24,13",£103.50m,£12.94m,/wolverhampton-wanderers/startseite/verein/543/saison_id/2018
2018,8,everton,54,8,54,46,15,9,14,"30,50",£36.90m,£18.45m,"27,17",£109.58m,£9.13m,"25,22",£119.70m,£13.30m,"24,83",£131.40m,£21.90m,/fc-everton/startseite/verein/29/saison_id/2018
2018,9,leicester city,52,3,51,48,15,7,16,"30,67",£18.68m,£6.23m,"27,89",£129.38m,£14.38m,"23,70",£143.10m,£14.31m,"26,14",£58.05m,£8.29m,/leicester-city/startseite/verein/1003/saison_id/2018
2018,10,west ham united,52,-3,52,55,15,7,16,"33,00",£7.65m,£3.83m,"27,67",£80.10m,£8.90m,"27,00",£86.85m,£9.65m,"28,40",£136.80m,£13.68m,/west-ham-united/startseite/verein/379/saison_id/2018
2018,11,watford,50,-7,52,59,14,8,16,"29,50",£4.95m,£1.24m,"29,09",£39.60m,£3.60m,"25,63",£77.85m,£9.73m,"25,00",£52.65m,£8.78m,/fc-watford/startseite/verein/1010/saison_id/2018
2018,12,crystal palace,49,-2,51,53,14,7,17,"29,20",£9.50m,£1.90m,"27,30",£77.54m,£7.75m,"27,40",£55.80m,£11.16m,"27,14",£108.00m,£15.43m,/crystal-palace/startseite/verein/873/saison_id/2018
2018,13,newcastle united,45,-6,42,48,12,9,17,"28,25",£10.80m,£2.70m,"26,70",£63.00m,£6.30m,"26,67",£77.40m,£8.60m,"26,00",£54.45m,£7.78m,/newcastle-united/startseite/verein/762/saison_id/2018
2018,14,bournemouth,45,-14,56,70,13,6,19,"28,00",£8.10m,£2.03m,"26,78",£72.45m,£8.05m,"25,71",£80.10m,£11.44m,"25,44",£104.63m,£11.63m,/afc-bournemouth/startseite/verein/989/saison_id/2018
2018,15,burnley,40,-23,45,68,11,7,20,"31,80",£17.78m,£3.56m,"28,75",£50.40m,£6.30m,"28,80",£40.50m,£8.10m,"28,63",£63.90m,£7.99m,/fc-burnley/startseite/verein/1132/saison_id/2018
2018,16,southampton,39,-20,45,65,9,12,17,"26,75",£20.79m,£5.20m,"25,00",£72.00m,£9.00m,"25,88",£63.00m,£7.88m,"24,88",£63.90m,£7.99m,/fc-southampton/startseite/verein/180/saison_id/2018
2018,17,brighton hove albion,36,-25,35,60,9,9,20,"27,00",£11.93m,£2.98m,"29,00",£43.88m,£5.48m,"26,86",£50.13m,£7.16m,"28,00",£50.85m,£7.26m,/brighton-amp-hove-albion/startseite/verein/1237/saison_id/2018
2018,18,cardiff city,34,-35,34,69,10,4,24,"31,33",£10.58m,£3.53m,"30,00",£16.20m,£2.03m,"26,13",£31.50m,£3.94m,"26,55",£34.88m,£3.17m,/cardiff-city/startseite/verein/603/saison_id/2018
2018,19,fulham,26,-47,34,81,7,5,26,"27,67",£18.00m,£6.00m,"27,43",£32.85m,£4.69m,"25,70",£104.40m,£10.44m,"27,33",£49.95m,£8.33m,/fc-fulham/startseite/verein/931/saison_id/2018
2018,20,huddersfield town,16,-54,22,76,3,7,28,"25,75",£5.49m,£1.37m,"26,75",£38.25m,£4.78m,"26,33",£39.47m,£4.39m,"25,00",£34.65m,£4.95m,/huddersfield-town/startseite/verein/1110/saison_id/2018
2017,1,manchester city,100,79,106,27,32,4,2,"27,00",£38.93m,£9.73m,"23,91",£171.68m,£15.61m,"26,25",£143.10m,£17.89m,"21,00",£201.02m,£22.34m,/manchester-city/startseite/verein/281/saison_id/2017
2017,2,manchester united,81,40,68,28,25,6,7,"25,25",£42.39m,£10.60m,"24,54",£159.75m,£12.29m,"25,40",£196.65m,£19.67m,"25,38",£181.80m,£22.73m,/manchester-united/startseite/verein/985/saison_id/2017
2017,3,tottenham hotspur,77,38,74,36,23,8,7,"26,50",£26.10m,£6.53m,"23,73",£132.98m,£12.09m,"22,90",£161.64m,£16.16m,"23,44",£161.10m,£17.90m,/tottenham-hotspur/startseite/verein/148/saison_id/2017
2017,4,liverpool,75,46,84,38,21,12,5,"26,50",£21.15m,£5.29m,"23,50",£110.70m,£9.23m,"24,50",£121.50m,£15.19m,"22,91",£192.15m,£17.47m,/fc-liverpool/startseite/verein/31/saison_id/2017
2017,5,chelsea,70,24,62,38,21,7,10,"28,20",£39.74m,£7.95m,"22,63",£168.75m,£8.88m,"23,18",£148.50m,£13.50m,"24,00",£227.70m,£20.70m,/fc-chelsea/startseite/verein/631/saison_id/2017
2017,6,arsenal,63,23,74,51,19,6,13,"26,75",£13.05m,£3.26m,"24,36",£132.84m,£9.49m,"22,47",£210.42m,£12.38m,"24,30",£214.20m,£21.42m,/fc-arsenal/startseite/verein/11/saison_id/2017
2017,7,burnley,54,-3,36,39,14,12,12,"29,75",£5.40m,£1.35m,"27,29",£17.10m,£2.44m,"26,44",£32.27m,£3.59m,"25,60",£32.40m,£3.24m,/fc-burnley/startseite/verein/1132/saison_id/2017
2017,8,everton,49,-14,44,58,13,10,15,"26,00",£19.80m,£4.95m,"24,56",£87.08m,£5.44m,"22,57",£104.85m,£7.49m,"23,93",£100.35m,£7.17m,/fc-everton/startseite/verein/29/saison_id/2017
2017,9,leicester city,47,-4,56,60,12,11,15,"30,33",£10.35m,£3.45m,"26,50",£38.25m,£3.83m,"24,20",£66.47m,£6.65m,"24,55",£111.83m,£10.17m,/leicester-city/startseite/verein/1003/saison_id/2017
2017,10,newcastle united,44,-8,39,47,12,8,18,"26,25",£5.94m,£1.49m,"24,36",£41.33m,£2.95m,"24,33",£44.55m,£4.95m,"23,60",£58.73m,£5.87m,/newcastle-united/startseite/verein/762/saison_id/2017
2017,11,crystal palace,44,-10,45,55,11,11,16,"30,25",£5.90m,£1.47m,"25,38",£53.80m,£4.14m,"24,58",£51.12m,£4.26m,"22,42",£64.17m,£5.35m,/crystal-palace/startseite/verein/873/saison_id/2017
2017,12,bournemouth,44,-16,45,61,11,11,16,"28,60",£9.68m,£1.94m,"24,73",£28.13m,£2.56m,"23,14",£13.05m,£1.86m,"24,75",£53.64m,£4.47m,/afc-bournemouth/startseite/verein/989/saison_id/2017
2017,13,west ham united,42,-20,48,68,10,12,16,"26,00",£18.90m,£6.30m,"25,36",£59.04m,£4.22m,"22,08",£71.24m,£5.94m,"24,83",£89.19m,£7.43m,/west-ham-united/startseite/verein/379/saison_id/2017
2017,14,watford,41,-20,44,64,11,8,19,"29,75",£7.43m,£1.86m,"27,23",£35.33m,£2.72m,"24,78",£55.80m,£6.20m,"23,64",£52.02m,£4.73m,/fc-watford/startseite/verein/1010/saison_id/2017
2017,15,brighton hove albion,40,-20,34,54,9,13,16,"26,75",£7.20m,£1.80m,"28,10",£20.70m,£2.07m,"23,79",£22.95m,£1.64m,"25,64",£45.23m,£4.11m,/brighton-amp-hove-albion/startseite/verein/1237/saison_id/2017
2017,16,huddersfield town,37,-30,28,58,9,10,19,"25,75",£2.03m,£506k,"24,42",£21.60m,£1.80m,"24,20",£13.64m,£1.36m,"24,89",£20.70m,£2.30m,/huddersfield-town/startseite/verein/1110/saison_id/2017
2017,17,southampton,36,-19,37,56,7,15,16,"30,67",£16.43m,£5.48m,"24,30",£79.88m,£7.99m,"24,17",£42.75m,£7.13m,"23,90",£83.70m,£8.37m,/fc-southampton/startseite/verein/180/saison_id/2017
2017,18,swansea city,33,-28,28,56,8,9,21,"29,33",£11.70m,£3.90m,"25,78",£28.58m,£3.18m,"24,69",£57.37m,£4.41m,"24,45",£56.57m,£5.14m,/swansea-city/startseite/verein/2288/saison_id/2017
2017,19,stoke city,33,-33,35,68,7,12,19,"27,67",£15.08m,£5.03m,"23,85",£59.90m,£4.61m,"28,25",£29.25m,£3.66m,"24,00",£55.80m,£5.07m,/stoke-city/startseite/verein/512/saison_id/2017
2017,20,west bromwich albion,31,-25,31,56,6,13,19,"29,33",£4.95m,£1.65m,"24,73",£27.09m,£2.46m,"27,25",£42.08m,£5.26m,"23,82",£74.84m,£6.80m,/west-bromwich-albion/startseite/verein/984/saison_id/2017
2016,1,chelsea,93,52,85,33,30,3,5,"26,20",£44.78m,£8.96m,"24,00",£130.55m,£7.25m,"22,42",£152.55m,£12.71m,"23,86",£215.10m,£15.36m,/fc-chelsea/startseite/verein/631/saison_id/2016
2016,2,tottenham hotspur,86,60,86,26,26,8,4,"23,80",£27.45m,£5.49m,"24,40",£97.20m,£9.72m,"22,29",£123.30m,£8.81m,"20,67",£99.00m,£11.00m,/tottenham-hotspur/startseite/verein/148/saison_id/2016
2016,3,manchester city,78,41,80,39,23,9,6,"29,00",£31.50m,£7.88m,"25,07",£164.34m,£10.96m,"25,85",£198.68m,£15.28m,"21,67",£164.75m,£13.73m,/manchester-city/startseite/verein/281/saison_id/2016
2016,4,liverpool,76,36,78,42,22,10,6,"28,20",£20.43m,£4.09m,"23,27",£92.93m,£8.45m,"23,45",£105.84m,£9.62m,"21,27",£135.54m,£12.32m,/fc-liverpool/startseite/verein/31/saison_id/2016
2016,5,arsenal,75,33,77,44,23,6,9,"26,20",£30.60m,£6.12m,"24,46",£128.93m,£9.92m,"22,31",£181.80m,£13.98m,"23,45",£129.15m,£11.74m,/fc-arsenal/startseite/verein/11/saison_id/2016
2016,6,manchester united,69,25,54,29,18,15,5,"22,67",£40.73m,£6.79m,"23,36",£122.40m,£8.74m,"24,31",£202.50m,£15.58m,"22,78",£114.30m,£12.70m,/manchester-united/startseite/verein/985/saison_id/2016
2016,7,everton,61,18,62,44,17,10,11,"26,00",£3.60m,£1.20m,"24,75",£58.50m,£4.88m,"24,80",£88.20m,£8.82m,"24,79",£105.62m,£7.54m,/fc-everton/startseite/verein/29/saison_id/2016
2016,8,southampton,46,-7,41,48,12,10,16,"25,33",£19.58m,£3.26m,"25,42",£60.08m,£5.01m,"23,14",£36.45m,£5.21m,"23,27",£76.73m,£6.98m,/fc-southampton/startseite/verein/180/saison_id/2016
2016,9,bournemouth,46,-12,55,67,12,10,16,"25,60",£2.03m,£405k,"23,36",£20.79m,£1.49m,"22,10",£30.83m,£3.08m,"23,50",£39.51m,£3.29m,/afc-bournemouth/startseite/verein/989/saison_id/2016
2016,10,west bromwich albion,45,-8,43,51,12,9,17,"26,50",£5.49m,£1.37m,"27,00",£22.05m,£2.45m,"26,25",£20.25m,£2.53m,"25,44",£55.80m,£6.20m,/west-bromwich-albion/startseite/verein/984/saison_id/2016
2016,11,west ham united,45,-17,47,64,12,9,17,"27,00",£7.65m,£2.55m,"24,20",£47.27m,£3.15m,"22,33",£61.65m,£5.14m,"23,50",£100.13m,£7.15m,/west-ham-united/startseite/verein/379/saison_id/2016
2016,12,leicester city,44,-15,48,63,12,8,18,"28,00",£12.15m,£4.05m,"27,70",£23.85m,£2.39m,"22,70",£35.10m,£3.51m,"25,75",£86.40m,£10.80m,/leicester-city/startseite/verein/1003/saison_id/2016
2016,13,stoke city,44,-15,41,56,11,11,16,"28,20",£9.68m,£1.94m,"24,80",£40.95m,£4.10m,"28,57",£38.70m,£5.53m,"24,92",£84.60m,£7.05m,/stoke-city/startseite/verein/512/saison_id/2016
2016,14,crystal palace,41,-13,50,63,12,5,21,"29,50",£12.60m,£3.15m,"24,62",£47.77m,£3.67m,"25,00",£57.83m,£3.86m,"24,38",£75.94m,£5.84m,/crystal-palace/startseite/verein/873/saison_id/2016
2016,15,swansea city,41,-25,45,70,12,5,21,"30,00",£9.23m,£2.31m,"25,33",£32.22m,£2.69m,"25,63",£37.98m,£4.75m,"25,23",£43.97m,£3.38m,/swansea-city/startseite/verein/2288/saison_id/2016
2016,16,burnley,40,-16,39,55,11,7,20,"30,00",£3.11m,£1.04m,"25,00",£17.64m,£1.76m,"26,91",£27.23m,£2.48m,"23,92",£25.65m,£2.14m,/fc-burnley/startseite/verein/1132/saison_id/2016
2016,17,watford,40,-28,40,68,11,7,20,"30,25",£6.53m,£1.63m,"26,00",£36.00m,£2.40m,"26,23",£68.40m,£5.26m,"23,86",£59.49m,£4.25m,/fc-watford/startseite/verein/1010/saison_id/2016
2016,18,hull city,34,-43,37,80,9,7,22,"29,00",£4.82m,£963k,"24,46",£34.74m,£2.67m,"24,54",£30.15m,£2.32m,"24,45",£49.95m,£4.54m,/hull-city/startseite/verein/3008/saison_id/2016
2016,19,middlesbrough,28,-26,27,53,5,13,20,"30,40",£6.53m,£1.31m,"24,82",£27.68m,£2.52m,"26,22",£24.08m,£2.68m,"25,90",£51.30m,£5.13m,/fc-middlesbrough/startseite/verein/641/saison_id/2016
2016,20,sunderland,24,-40,29,69,6,6,26,"23,50",£4.50m,£1.13m,"25,07",£31.95m,£2.13m,"23,82",£31.05m,£2.82m,"24,17",£33.75m,£2.81m,/afc-sunderland/startseite/verein/289/saison_id/2016
2015,1,leicester city,81,32,68,36,23,12,3,"29,25",£4.28m,£1.07m,"28,10",£17.55m,£1.76m,"25,33",£25.65m,£2.85m,"23,25",£34.65m,£2.89m,/leicester-city/startseite/verein/1003/saison_id/2015
2015,2,arsenal,71,29,65,36,20,11,7,"25,25",£18.00m,£4.50m,"24,60",£98.10m,£9.81m,"23,63",£139.14m,£8.70m,"22,27",£112.50m,£10.23m,/fc-arsenal/startseite/verein/11/saison_id/2015
2015,3,tottenham hotspur,70,34,69,35,19,13,6,"26,00",£22.50m,£7.50m,"23,18",£75.60m,£6.87m,"21,45",£61.88m,£5.63m,"22,50",£68.40m,£11.40m,/tottenham-hotspur/startseite/verein/148/saison_id/2015
2015,4,manchester city,66,30,71,41,19,9,10,"32,67",£19.13m,£6.38m,"24,67",£134.55m,£8.97m,"24,08",£156.96m,£12.07m,"20,71",£96.84m,£13.83m,/manchester-city/startseite/verein/281/saison_id/2015
2015,5,manchester united,66,14,49,35,19,9,10,"24,00",£32.18m,£5.36m,"21,53",£94.50m,£5.56m,"24,00",£121.59m,£11.05m,"21,70",£88.47m,£8.85m,/manchester-united/startseite/verein/985/saison_id/2015
2015,6,southampton,63,18,59,41,18,9,11,"30,00",£13.28m,£3.32m,"23,15",£43.88m,£3.38m,"23,57",£42.08m,£6.01m,"23,18",£69.53m,£6.32m,/fc-southampton/startseite/verein/180/saison_id/2015
2015,7,west ham united,62,14,65,51,16,14,8,"23,75",£5.58m,£1.40m,"21,84",£42.08m,£2.21m,"23,17",£58.05m,£4.84m,"24,67",£60.98m,£4.07m,/west-ham-united/startseite/verein/379/saison_id/2015
2015,8,liverpool,60,13,63,50,16,12,10,"23,20",£12.83m,£2.57m,"22,94",£95.94m,£5.64m,"23,00",£84.20m,£7.65m,"20,73",£99.54m,£9.05m,/fc-liverpool/startseite/verein/31/saison_id/2015
2015,9,stoke city,51,-14,41,55,14,9,15,"26,00",£4.28m,£1.07m,"26,38",£30.15m,£3.77m,"26,56",£33.30m,£3.70m,"26,20",£46.80m,£4.68m,/stoke-city/startseite/verein/512/saison_id/2015
2015,10,chelsea,50,6,59,53,12,14,12,"26,25",£39.06m,£9.77m,"22,86",£81.36m,£5.81m,"23,00",£151.65m,£16.85m,"24,15",£249.75m,£19.21m,/fc-chelsea/startseite/verein/631/saison_id/2015
2015,11,everton,47,4,59,55,11,14,13,"26,67",£4.59m,£1.53m,"24,00",£53.62m,£3.83m,"23,45",£48.60m,£4.42m,"26,18",£76.91m,£6.99m,/fc-everton/startseite/verein/29/saison_id/2015
2015,12,swansea city,47,-10,42,52,12,11,15,"27,75",£6.75m,£1.69m,"24,00",£32.85m,£2.53m,"24,63",£41.58m,£5.20m,"24,91",£43.20m,£3.93m,/swansea-city/startseite/verein/2288/saison_id/2015
2015,13,watford,45,-10,40,50,12,9,17,"27,40",£7.61m,£1.52m,"26,38",£24.93m,£1.92m,"27,36",£34.79m,£3.16m,"24,80",£31.79m,£3.18m,/fc-watford/startseite/verein/1010/saison_id/2015
2015,14,west bromwich albion,43,-14,34,48,10,13,15,"26,60",£5.85m,£1.17m,"27,44",£20.70m,£2.30m,"25,09",£29.70m,£2.70m,"23,30",£49.05m,£4.91m,/west-bromwich-albion/startseite/verein/984/saison_id/2015
2015,15,crystal palace,42,-12,39,51,11,9,18,"29,67",£4.50m,£1.50m,"26,55",£21.60m,£1.96m,"23,92",£44.10m,£3.68m,"25,42",£38.70m,£3.23m,/crystal-palace/startseite/verein/873/saison_id/2015
2015,16,bournemouth,42,-22,45,67,11,9,18,"24,80",£2.07m,£414k,"24,24",£10.51m,£618k,"24,13",£5.04m,£630k,"23,68",£43.61m,£2.30m,/afc-bournemouth/startseite/verein/989/saison_id/2015
2015,17,sunderland,39,-14,48,62,9,12,17,"26,80",£7.65m,£1.53m,"25,67",£18.45m,£1.54m,"25,36",£40.95m,£3.72m,"24,93",£48.38m,£3.46m,/afc-sunderland/startseite/verein/289/saison_id/2015
2015,18,newcastle united,37,-21,44,65,9,10,19,"24,50",£11.93m,£2.98m,"23,15",£27.45m,£2.11m,"24,33",£65.25m,£5.44m,"23,23",£75.96m,£5.84m,/newcastle-united/startseite/verein/762/saison_id/2015
2015,19,norwich city,34,-28,39,67,9,7,22,"24,25",£5.04m,£1.26m,"26,40",£25.79m,£2.58m,"26,00",£25.56m,£1.83m,"24,92",£36.99m,£2.85m,/norwich-city/startseite/verein/1123/saison_id/2015
2015,20,aston villa,17,-49,27,76,3,8,27,"25,00",£6.08m,£1.22m,"24,19",£37.17m,£2.32m,"24,00",£32.40m,£3.24m,"21,69",£25.43m,£1.96m,/aston-villa/startseite/verein/405/saison_id/2015
2014,1,chelsea,87,41,73,32,26,9,3,"26,60",£41.58m,£8.32m,"24,00",£87.30m,£8.73m,"23,00",£147.06m,£18.38m,"23,47",£197.55m,£13.17m,/fc-chelsea/startseite/verein/631/saison_id/2014
2014,2,manchester city,79,45,83,38,24,7,7,"31,67",£19.13m,£6.38m,"25,21",£156.38m,£11.17m,"24,92",£146.25m,£12.19m,"23,86",£108.45m,£15.49m,/manchester-city/startseite/verein/281/saison_id/2014
2014,3,arsenal,75,35,71,36,22,9,7,"21,20",£18.27m,£3.65m,"23,17",£72.36m,£6.03m,"23,93",£156.60m,£11.19m,"22,45",£116.69m,£10.61m,/fc-arsenal/startseite/verein/11/saison_id/2014
2014,4,manchester united,70,25,62,37,20,10,8,"26,00",£29.48m,£5.90m,"22,60",£102.47m,£6.83m,"25,00",£118.35m,£11.84m,"23,69",£219.87m,£16.91m,/manchester-united/startseite/verein/985/saison_id/2014
2014,5,tottenham hotspur,64,5,58,53,19,7,12,"27,80",£21.60m,£4.32m,"23,80",£84.65m,£5.64m,"21,71",£83.16m,£5.94m,"24,38",£79.02m,£9.88m,/tottenham-hotspur/startseite/verein/148/saison_id/2014
2014,6,liverpool,62,4,52,48,18,8,12,"26,33",£12.15m,£4.05m,"24,82",£85.50m,£7.77m,"22,90",£61.65m,£6.17m,"21,36",£97.20m,£8.84m,/fc-liverpool/startseite/verein/31/saison_id/2014
2014,7,southampton,60,21,54,33,18,6,14,"29,75",£7.43m,£1.86m,"23,45",£33.44m,£3.04m,"21,73",£47.25m,£4.30m,"23,18",£47.25m,£4.30m,/fc-southampton/startseite/verein/180/saison_id/2014
2014,8,swansea city,56,-3,46,49,16,8,14,"29,00",£2.79m,£930k,"24,62",£27.41m,£2.11m,"22,40",£27.68m,£2.77m,"24,20",£39.06m,£3.91m,/swansea-city/startseite/verein/2288/saison_id/2014
2014,9,stoke city,54,3,48,45,15,9,14,"28,67",£14.40m,£4.80m,"25,78",£35.42m,£3.94m,"26,33",£23.85m,£2.65m,"26,33",£42.30m,£4.70m,/stoke-city/startseite/verein/512/saison_id/2014
2014,10,crystal palace,48,-4,47,51,13,9,16,"28,00",£3.60m,£900k,"26,55",£21.60m,£1.96m,"24,15",£25.65m,£1.97m,"26,71",£29.52m,£2.11m,/crystal-palace/startseite/verein/873/saison_id/2014
2014,11,everton,47,-2,48,50,12,11,15,"25,67",£4.95m,£1.65m,"24,85",£45.50m,£3.50m,"22,17",£33.53m,£2.79m,"25,33",£75.78m,£6.32m,/fc-everton/startseite/verein/29/saison_id/2014
2014,12,west ham united,47,-3,44,47,12,11,15,"29,00",£3.15m,£1.05m,"22,69",£23.76m,£1.83m,"25,09",£49.50m,£4.50m,"25,89",£34.29m,£3.81m,/west-ham-united/startseite/verein/379/saison_id/2014
2014,13,west bromwich albion,44,-13,38,51,11,11,16,"24,80",£5.63m,£1.13m,"26,00",£18.14m,£2.02m,"27,45",£41.13m,£3.74m,"23,11",£25.65m,£2.85m,/west-bromwich-albion/startseite/verein/984/saison_id/2014
2014,14,leicester city,41,-9,46,55,11,8,19,"28,60",£4.86m,£972k,"28,20",£14.76m,£1.48m,"24,36",£14.13m,£1.28m,"24,18",£16.52m,£1.50m,/leicester-city/startseite/verein/1003/saison_id/2014
2014,15,newcastle united,39,-23,40,63,10,9,19,"23,00",£9.90m,£1.98m,"23,46",£30.02m,£2.31m,"23,42",£53.78m,£4.48m,"21,67",£32.18m,£2.68m,/newcastle-united/startseite/verein/762/saison_id/2014
2014,16,sunderland,38,-22,31,53,7,17,14,"22,50",£5.18m,£1.29m,"27,11",£13.91m,£1.55m,"24,36",£48.15m,£4.38m,"24,00",£36.50m,£3.65m,/afc-sunderland/startseite/verein/289/saison_id/2014
2014,17,aston villa,38,-26,31,57,10,8,20,"29,33",£6.30m,£2.10m,"24,54",£30.15m,£2.32m,"24,45",£34.88m,£3.17m,"22,64",£42.98m,£3.91m,/aston-villa/startseite/verein/405/saison_id/2014
2014,18,hull city,35,-18,33,51,8,11,19,"28,40",£2.61m,£522k,"26,00",£25.07m,£2.09m,"25,67",£40.05m,£4.45m,"25,22",£42.30m,£4.70m,/hull-city/startseite/verein/3008/saison_id/2014
2014,19,burnley,33,-25,28,53,7,12,19,"28,33",£1.85m,£615k,"25,73",£8.46m,£769k,"26,00",£12.42m,£1.38m,"23,43",£10.35m,£1.48m,/fc-burnley/startseite/verein/1132/saison_id/2014
2014,20,queens park rangers,30,-31,42,73,8,6,24,"29,67",£3.60m,£1.20m,"25,21",£25.83m,£1.85m,"23,79",£39.20m,£2.80m,"25,20",£34.92m,£3.49m,/queens-park-rangers/startseite/verein/1039/saison_id/2014
2013,1,manchester city,86,65,102,37,27,5,6,"29,00",£24.53m,£8.18m,"25,73",£134.78m,£12.25m,"25,63",£163.80m,£20.48m,"23,33",£114.30m,£19.05m,/manchester-city/startseite/verein/281/saison_id/2013
2013,2,liverpool,84,51,101,50,26,6,6,"26,50",£15.30m,£3.83m,"23,93",£89.10m,£6.36m,"22,00",£51.30m,£5.70m,"21,44",£100.35m,£11.15m,/fc-liverpool/startseite/verein/31/saison_id/2013
2013,3,chelsea,82,44,71,27,25,7,6,"28,00",£40.50m,£6.75m,"23,62",£112.57m,£8.66m,"23,71",£167.40m,£11.96m,"22,19",£204.21m,£12.76m,/fc-chelsea/startseite/verein/631/saison_id/2013
2013,4,arsenal,79,27,68,41,24,7,7,"26,00",£21.15m,£7.05m,"25,22",£82.17m,£9.13m,"23,41",£134.55m,£7.91m,"21,83",£69.21m,£5.77m,/fc-arsenal/startseite/verein/11/saison_id/2013
2013,5,everton,72,22,61,39,21,9,8,"25,00",£4.95m,£1.65m,"26,27",£51.30m,£4.66m,"24,29",£49.95m,£7.14m,"24,23",£89.55m,£6.89m,/fc-everton/startseite/verein/29/saison_id/2013
2013,6,tottenham hotspur,69,4,55,51,21,6,11,"30,00",£15.30m,£3.83m,"22,08",£69.30m,£5.78m,"20,79",£90.00m,£6.43m,"23,64",£91.80m,£8.35m,/tottenham-hotspur/startseite/verein/148/saison_id/2013
2013,7,manchester united,64,21,64,43,19,7,12,"23,50",£21.83m,£5.46m,"25,67",£141.30m,£11.78m,"27,63",£121.50m,£15.19m,"21,92",£175.95m,£13.53m,/manchester-united/startseite/verein/985/saison_id/2013
2013,8,southampton,56,8,54,46,15,11,12,"27,50",£4.73m,£1.18m,"21,75",£24.98m,£2.08m,"23,44",£31.95m,£3.55m,"23,00",£30.60m,£3.06m,/fc-southampton/startseite/verein/180/saison_id/2013
2013,9,stoke city,50,-7,45,52,13,11,14,"25,25",£9.90m,£2.48m,"25,00",£31.50m,£4.50m,"24,91",£31.50m,£2.86m,"26,55",£45.00m,£4.09m,/stoke-city/startseite/verein/512/saison_id/2013
2013,10,newcastle united,49,-16,43,59,15,4,19,"24,00",£7.88m,£2.63m,"23,46",£49.23m,£3.79m,"23,77",£66.96m,£5.15m,"24,38",£45.90m,£5.74m,/newcastle-united/startseite/verein/762/saison_id/2013
2013,11,crystal palace,45,-15,33,48,13,6,19,"28,40",£4.50m,£900k,"24,73",£13.28m,£885k,"23,82",£17.78m,£1.62m,"27,00",£22.50m,£1.61m,/crystal-palace/startseite/verein/873/saison_id/2013
2013,12,swansea city,42,0,54,54,11,9,18,"25,50",£8.39m,£2.10m,"25,42",£22.73m,£1.89m,"22,67",£26.62m,£2.96m,"25,18",£49.05m,£4.46m,/swansea-city/startseite/verein/2288/saison_id/2013
2013,13,west ham united,40,-11,40,51,11,7,20,"27,25",£4.50m,£1.13m,"25,23",£30.83m,£2.37m,"24,87",£44.10m,£2.94m,"22,00",£36.00m,£2.77m,/west-ham-united/startseite/verein/379/saison_id/2013
2013,14,sunderland,38,-19,41,60,10,8,20,"23,40",£3.15m,£630k,"26,60",£20.43m,£2.04m,"25,21",£55.40m,£3.96m,"22,30",£57.15m,£5.72m,/afc-sunderland/startseite/verein/289/saison_id/2013
2013,15,aston villa,38,-22,39,61,10,8,20,"28,33",£4.95m,£1.65m,"23,50",£31.28m,£2.61m,"22,20",£18.68m,£1.87m,"24,09",£49.77m,£4.52m,/aston-villa/startseite/verein/405/saison_id/2013
2013,16,hull city,37,-15,38,53,10,7,21,"30,00",£4.64m,£1.16m,"26,70",£14.40m,£1.44m,"25,13",£15.30m,£1.91m,"25,25",£28.58m,£2.38m,/hull-city/startseite/verein/3008/saison_id/2013
2013,17,west bromwich albion,36,-16,43,59,7,15,16,"28,25",£7.65m,£1.91m,"27,10",£16.38m,£1.64m,"26,00",£32.85m,£3.65m,"24,80",£27.00m,£2.70m,/west-bromwich-albion/startseite/verein/984/saison_id/2013
2013,18,norwich city,33,-34,28,62,8,9,21,"31,00",£6.08m,£2.03m,"25,50",£23.40m,£2.34m,"26,33",£25.65m,£2.85m,"23,40",£31.95m,£3.20m,/norwich-city/startseite/verein/1123/saison_id/2013
2013,19,fulham,32,-45,40,85,9,5,24,"24,20",£8.55m,£1.71m,"27,36",£29.25m,£2.66m,"25,16",£55.44m,£2.92m,"22,69",£40.28m,£3.10m,/fc-fulham/startseite/verein/931/saison_id/2013
2013,20,cardiff city,30,-42,32,74,7,9,22,"25,33",£1.71m,£570k,"23,38",£23.36m,£1.80m,"24,67",£18.09m,£2.01m,"24,71",£40.23m,£2.37m,/cardiff-city/startseite/verein/603/saison_id/2013
2012,1,manchester united,89,43,86,43,28,5,5,"22,50",£20.93m,£5.23m,"24,00",£146.12m,£10.44m,"26,00",£61.65m,£6.17m,"22,00",£181.71m,£13.98m,/manchester-united/startseite/verein/985/saison_id/2012
2012,2,manchester city,78,32,66,34,23,9,6,"25,75",£24.53m,£6.13m,"24,64",£136.80m,£9.77m,"23,46",£163.26m,£12.56m,"22,40",£144.09m,£14.41m,/manchester-city/startseite/verein/281/saison_id/2012
2012,3,chelsea,75,36,75,39,22,9,7,"31,00",£24.30m,£8.10m,"25,10",£91.35m,£9.14m,"23,67",£150.30m,£12.53m,"24,44",£123.30m,£13.70m,/fc-chelsea/startseite/verein/631/saison_id/2012
2012,4,arsenal,73,35,72,37,21,10,7,"22,60",£15.53m,£3.11m,"22,80",£80.10m,£5.34m,"23,42",£91.80m,£7.65m,"22,80",£76.95m,£7.70m,/fc-arsenal/startseite/verein/11/saison_id/2012
2012,5,tottenham hotspur,72,20,66,46,21,9,8,"30,80",£20.25m,£4.05m,"24,27",£75.42m,£6.86m,"23,71",£86.94m,£6.21m,"22,73",£97.76m,£8.89m,/tottenham-hotspur/startseite/verein/148/saison_id/2012
2012,6,everton,63,15,55,40,16,15,7,"26,33",£4.95m,£1.65m,"25,33",£45.95m,£3.83m,"24,50",£30.38m,£5.06m,"23,38",£31.12m,£3.89m,/fc-everton/startseite/verein/29/saison_id/2012
2012,7,liverpool,61,28,71,43,16,13,9,"25,00",£15.75m,£3.94m,"22,43",£65.70m,£4.69m,"25,00",£90.90m,£9.09m,"19,77",£75.56m,£5.81m,/fc-liverpool/startseite/verein/31/saison_id/2012
2012,8,west bromwich albion,49,-4,53,57,14,7,17,"27,33",£6.53m,£2.18m,"25,91",£17.82m,£1.62m,"24,88",£19.35m,£2.42m,"23,50",£31.05m,£3.11m,/west-bromwich-albion/startseite/verein/984/saison_id/2012
2012,9,swansea city,46,-4,47,51,11,13,14,"27,33",£8.33m,£2.78m,"24,42",£16.88m,£1.41m,"25,67",£13.05m,£2.18m,"25,33",£41.40m,£3.45m,/swansea-city/startseite/verein/2288/saison_id/2012
2012,10,west ham united,46,-8,45,53,12,10,16,"26,67",£1.76m,£585k,"24,18",£19.58m,£1.78m,"25,27",£37.13m,£3.38m,"23,43",£45.90m,£3.28m,/west-ham-united/startseite/verein/379/saison_id/2012
2012,11,norwich city,44,-17,41,58,10,14,14,"23,80",£6.53m,£1.31m,"26,11",£21.96m,£2.44m,"24,82",£18.45m,£1.68m,"24,36",£16.88m,£1.53m,/norwich-city/startseite/verein/1123/saison_id/2012
2012,12,fulham,43,-10,50,60,11,10,17,"28,50",£5.18m,£1.29m,"26,82",£28.26m,£2.57m,"26,73",£44.28m,£2.95m,"24,00",£26.33m,£3.76m,/fc-fulham/startseite/verein/931/saison_id/2012
2012,13,stoke city,42,-11,34,45,9,15,14,"29,50",£5.18m,£1.29m,"26,33",£25.43m,£4.24m,"26,08",£33.39m,£2.78m,"28,75",£25.20m,£3.15m,/stoke-city/startseite/verein/512/saison_id/2012
2012,14,southampton,41,-11,49,60,9,14,15,"28,00",£3.87m,£968k,"24,00",£12.35m,£1.03m,"22,86",£26.28m,£1.88m,"23,20",£19.58m,£1.96m,/fc-southampton/startseite/verein/180/saison_id/2012
2012,15,aston villa,41,-22,47,69,10,11,17,"33,33",£4.73m,£1.58m,"23,33",£15.26m,£1.70m,"22,50",£27.50m,£2.29m,"22,56",£43.45m,£4.83m,/aston-villa/startseite/verein/405/saison_id/2012
2012,16,newcastle united,41,-23,45,68,11,8,19,"26,50",£8.33m,£2.08m,"23,36",£52.83m,£3.77m,"22,77",£67.05m,£5.16m,"23,88",£43.20m,£5.40m,/newcastle-united/startseite/verein/762/saison_id/2012
2012,17,sunderland,39,-13,41,54,9,12,17,"25,50",£6.30m,£3.15m,"25,21",£33.75m,£2.41m,"24,33",£41.18m,£4.58m,"22,92",£35.33m,£2.94m,/afc-sunderland/startseite/verein/289/saison_id/2012
2012,18,wigan athletic,36,-26,47,73,9,9,20,"27,75",£6.75m,£1.69m,"25,79",£28.35m,£2.03m,"24,33",£17.64m,£1.96m,"22,60",£20.61m,£2.06m,/wigan-athletic/startseite/verein/1071/saison_id/2012
2012,19,reading,28,-30,43,73,6,10,22,"24,20",£2.25m,£450k,"25,00",£18.50m,£1.54m,"26,83",£6.75m,£1.13m,"25,33",£12.38m,£1.03m,/fc-reading/startseite/verein/1032/saison_id/2012
2012,20,queens park rangers,25,-30,30,60,4,13,21,"32,75",£17.10m,£4.28m,"26,31",£35.64m,£2.74m,"27,20",£44.10m,£4.41m,"27,91",£47.25m,£4.30m,/queens-park-rangers/startseite/verein/1039/saison_id/2012
2011,1,manchester city,89,64,93,29,28,5,5,"26,00",£16.83m,£5.61m,"24,00",£110.70m,£8.52m,"25,18",£139.50m,£12.68m,"23,56",£148.59m,£16.51m,/manchester-city/startseite/verein/281/saison_id/2011
2011,2,manchester united,89,56,89,33,28,5,5,"24,25",£16.38m,£4.10m,"22,38",£137.93m,£8.62m,"25,45",£79.20m,£7.20m,"23,10",£124.92m,£12.49m,/manchester-united/startseite/verein/985/saison_id/2011
2011,3,arsenal,70,25,74,49,21,7,10,"24,40",£9.00m,£1.80m,"22,75",£67.59m,£5.63m,"22,00",£92.95m,£6.20m,"24,38",£112.10m,£8.62m,/fc-arsenal/startseite/verein/11/saison_id/2011
2011,4,tottenham hotspur,69,25,66,41,20,9,9,"35,67",£12.60m,£4.20m,"24,06",£61.97m,£3.87m,"22,38",£96.44m,£6.03m,"23,87",£113.49m,£7.57m,/tottenham-hotspur/startseite/verein/148/saison_id/2011
2011,5,newcastle united,65,5,56,51,19,8,11,"25,40",£5.72m,£1.14m,"23,09",£26.10m,£2.37m,"23,38",£47.41m,£3.65m,"24,63",£29.25m,£3.66m,/newcastle-united/startseite/verein/762/saison_id/2011
2011,6,chelsea,64,19,65,46,18,10,10,"26,75",£25.20m,£6.30m,"27,33",£132.75m,£14.75m,"23,40",£125.10m,£12.51m,"26,11",£137.70m,£15.30m,/fc-chelsea/startseite/verein/631/saison_id/2011
2011,7,everton,56,10,50,40,15,11,12,"33,00",£12.15m,£4.05m,"26,44",£48.22m,£5.36m,"23,33",£78.75m,£6.56m,"24,50",£32.76m,£2.73m,/fc-everton/startseite/verein/29/saison_id/2011
2011,8,liverpool,52,7,47,40,14,10,14,"27,25",£22.50m,£5.63m,"23,82",£57.83m,£5.26m,"24,50",£76.50m,£9.56m,"24,38",£70.65m,£8.83m,/fc-liverpool/startseite/verein/31/saison_id/2011
2011,9,fulham,52,-3,48,51,14,10,14,"27,50",£4.82m,£1.20m,"27,38",£29.61m,£3.70m,"26,19",£46.62m,£2.91m,"24,00",£25.65m,£3.21m,/fc-fulham/startseite/verein/931/saison_id/2011
2011,10,west bromwich albion,47,-7,45,52,13,8,17,"26,33",£6.64m,£2.21m,"25,71",£26.78m,£1.91m,"24,50",£23.40m,£2.34m,"24,00",£16.43m,£1.83m,/west-bromwich-albion/startseite/verein/984/saison_id/2011
2011,11,swansea city,47,-7,44,51,12,11,15,"29,33",£6.93m,£2.31m,"23,85",£6.12m,£471k,"24,10",£14.27m,£1.43m,"24,13",£9.23m,£1.15m,/swansea-city/startseite/verein/2288/saison_id/2011
2011,12,norwich city,47,-14,52,66,12,11,15,"20,67",£810k,£270k,"24,50",£9.25m,£925k,"24,89",£5.83m,£648k,"25,57",£4.37m,£624k,/norwich-city/startseite/verein/1123/saison_id/2011
2011,13,sunderland,45,-1,45,46,11,12,15,"25,00",£10.58m,£2.64m,"26,67",£49.95m,£3.33m,"23,88",£25.88m,£3.23m,"21,22",£26.15m,£2.91m,/afc-sunderland/startseite/verein/289/saison_id/2011
2011,14,stoke city,45,-17,36,53,11,12,15,"32,00",£6.08m,£2.03m,"27,18",£36.72m,£3.34m,"26,18",£30.15m,£2.74m,"28,14",£34.20m,£4.89m,/stoke-city/startseite/verein/512/saison_id/2011
2011,15,wigan athletic,43,-20,42,62,11,10,17,"29,00",£5.67m,£1.42m,"26,40",£22.50m,£2.25m,"24,22",£19.35m,£2.15m,"22,71",£15.48m,£2.21m,/wigan-athletic/startseite/verein/1071/saison_id/2011
2011,16,aston villa,38,-16,37,53,7,17,14,"32,33",£6.08m,£2.03m,"25,31",£45.95m,£3.53m,"22,15",£39.87m,£3.07m,"24,38",£49.95m,£6.24m,/aston-villa/startseite/verein/405/saison_id/2011
2011,17,queens park rangers,37,-23,43,66,10,7,21,"29,50",£2.75m,£686k,"26,60",£31.01m,£2.07m,"26,50",£18.92m,£1.58m,"26,18",£42.84m,£2.52m,/queens-park-rangers/startseite/verein/1039/saison_id/2011
2011,18,bolton wanderers,36,-31,46,77,10,6,22,"24,50",£4.05m,£1.01m,"25,00",£30.87m,£2.21m,"23,78",£26.73m,£2.97m,"26,00",£26.69m,£2.43m,/bolton-wanderers/startseite/verein/355/saison_id/2011
2011,19,blackburn rovers,31,-30,48,78,8,7,23,"24,50",£5.00m,£1.25m,"25,58",£22.55m,£1.88m,"23,69",£26.46m,£2.04m,"23,88",£27.63m,£3.45m,/blackburn-rovers/startseite/verein/164/saison_id/2011
2011,20,wolverhampton wanderers,25,-42,40,82,5,10,23,"26,33",£3.15m,£1.05m,"25,00",£28.80m,£2.62m,"23,18",£20.03m,£1.82m,"23,25",£23.18m,£1.93m,/wolverhampton-wanderers/startseite/verein/543/saison_id/2011
2010,1,manchester united,80,41,78,37,23,11,4,"28,25",£8.46m,£2.12m,"25,08",£132.12m,£10.16m,"23,60",£95.27m,£6.35m,"22,27",£109.89m,£9.99m,/manchester-united/startseite/verein/985/saison_id/2010
2010,2,chelsea,71,36,69,33,21,8,9,"29,00",£25.43m,£8.48m,"24,17",£116.15m,£9.68m,"22,11",£111.69m,£12.41m,"25,67",£148.28m,£16.48m,/fc-chelsea/startseite/verein/631/saison_id/2010
2010,3,manchester city,71,27,60,33,21,8,9,"28,25",£17.10m,£4.28m,"21,95",£94.30m,£4.96m,"24,10",£100.04m,£10.00m,"23,58",£132.84m,£11.07m,/manchester-city/startseite/verein/281/saison_id/2010
2010,4,arsenal,68,29,72,43,19,11,8,"26,50",£12.13m,£2.02m,"23,89",£66.60m,£7.40m,"21,33",£112.14m,£9.35m,"23,43",£83.07m,£11.87m,/fc-arsenal/startseite/verein/11/saison_id/2010
2010,5,tottenham hotspur,62,9,55,46,16,14,8,"28,00",£12.67m,£2.53m,"24,29",£81.29m,£5.81m,"23,50",£92.34m,£9.23m,"24,78",£80.10m,£8.90m,/tottenham-hotspur/startseite/verein/148/saison_id/2010
2010,6,liverpool,58,15,59,44,17,7,14,"24,40",£21.24m,£4.25m,"22,73",£70.25m,£4.68m,"25,33",£122.58m,£13.62m,"22,62",£114.89m,£8.84m,/fc-liverpool/startseite/verein/31/saison_id/2010
2010,7,everton,54,6,51,45,13,15,10,"28,00",£11.88m,£3.96m,"24,70",£41.92m,£4.19m,"22,78",£69.98m,£7.78m,"22,90",£36.90m,£3.69m,/fc-everton/startseite/verein/29/saison_id/2010
2010,8,fulham,49,6,49,43,11,16,11,"30,00",£4.59m,£1.15m,"26,60",£30.24m,£3.02m,"28,45",£39.87m,£3.62m,"26,22",£26.06m,£2.90m,/fc-fulham/startseite/verein/931/saison_id/2010
2010,9,aston villa,48,-11,48,59,12,12,14,"33,00",£4.73m,£1.58m,"24,92",£62.93m,£4.84m,"24,00",£75.67m,£4.45m,"24,67",£43.65m,£7.28m,/aston-villa/startseite/verein/405/saison_id/2010
2010,10,sunderland,47,-11,45,56,12,11,15,"23,67",£7.43m,£2.48m,"24,88",£44.35m,£2.77m,"23,09",£46.04m,£4.19m,"22,33",£25.79m,£2.87m,/afc-sunderland/startseite/verein/289/saison_id/2010
2010,11,west bromwich albion,47,-15,56,71,12,11,15,"28,00",£7.18m,£1.79m,"24,80",£30.92m,£2.06m,"22,43",£13.50m,£1.93m,"23,27",£24.93m,£2.27m,/west-bromwich-albion/startseite/verein/984/saison_id/2010
2010,12,newcastle united,46,-1,56,57,11,13,14,"24,50",£3.11m,£776k,"24,70",£22.50m,£2.25m,"22,69",£48.74m,£3.75m,"23,55",£11.75m,£1.07m,/newcastle-united/startseite/verein/762/saison_id/2010
2010,13,stoke city,46,-2,46,48,13,7,18,"31,00",£5.18m,£1.73m,"25,92",£25.52m,£2.13m,"25,80",£17.15m,£1.71m,"28,38",£38.93m,£4.87m,/stoke-city/startseite/verein/512/saison_id/2010
2010,14,bolton wanderers,46,-4,52,56,12,10,16,"26,25",£5.22m,£1.31m,"26,90",£28.35m,£2.84m,"24,22",£24.53m,£2.73m,"24,73",£25.97m,£2.36m,/bolton-wanderers/startseite/verein/355/saison_id/2010
2010,15,blackburn rovers,43,-13,46,59,11,10,17,"26,25",£5.45m,£1.36m,"26,70",£20.97m,£2.10m,"23,19",£32.63m,£2.04m,"26,29",£26.55m,£3.79m,/blackburn-rovers/startseite/verein/164/saison_id/2010
2010,16,wigan athletic,42,-21,40,61,9,15,14,"28,00",£5.85m,£1.46m,"24,42",£20.03m,£1.67m,"22,40",£13.95m,£1.40m,"23,56",£25.07m,£2.79m,/wigan-athletic/startseite/verein/1071/saison_id/2010
2010,17,wolverhampton wanderers,40,-20,46,66,11,7,20,"30,00",£4.41m,£1.10m,"22,81",£23.36m,£1.46m,"23,30",£18.95m,£1.89m,"23,08",£22.41m,£1.87m,/wolverhampton-wanderers/startseite/verein/543/saison_id/2010
2010,18,birmingham city,39,-21,37,58,8,15,15,"30,00",£3.65m,£1.22m,"26,00",£22.73m,£2.27m,"24,73",£35.01m,£3.18m,"25,60",£31.23m,£3.12m,/birmingham-city/startseite/verein/337/saison_id/2010
2010,19,blackpool,39,-23,55,78,10,9,19,"25,20",£1.62m,£324k,"21,50",£7.11m,£508k,"21,08",£10.67m,£889k,"25,86",£14.90m,£1.06m,/fc-blackpool/startseite/verein/1181/saison_id/2010
2010,20,west ham united,33,-27,43,70,7,12,19,"22,00",£7.79m,£1.95m,"25,69",£37.40m,£2.88m,"26,89",£46.35m,£5.15m,"23,57",£51.53m,£3.68m,/west-ham-united/startseite/verein/379/saison_id/2010
2009,1,chelsea,86,71,103,32,27,5,6,"24,20",£27.23m,£5.45m,"25,82",£115.65m,£10.51m,"25,89",£155.75m,£17.31m,"23,45",£101.07m,£9.19m,/fc-chelsea/startseite/verein/631/saison_id/2009
2009,2,manchester united,85,58,86,28,27,4,7,"27,50",£10.44m,£2.61m,"24,50",£120.02m,£10.00m,"24,62",£92.07m,£7.08m,"21,36",£104.13m,£9.47m,/manchester-united/startseite/verein/985/saison_id/2009
2009,3,arsenal,75,42,83,41,23,6,9,"22,80",£10.71m,£2.14m,"23,53",£73.08m,£4.87m,"19,81",£93.06m,£5.82m,"21,56",£76.05m,£8.45m,/fc-arsenal/startseite/verein/11/saison_id/2009
2009,4,tottenham hotspur,70,26,67,41,21,7,10,"28,00",£9.41m,£1.88m,"23,00",£62.19m,£4.44m,"22,10",£71.24m,£7.12m,"22,58",£81.45m,£6.79m,/tottenham-hotspur/startseite/verein/148/saison_id/2009
2009,5,manchester city,67,28,73,45,18,13,7,"26,20",£16.70m,£3.34m,"23,86",£85.05m,£6.08m,"22,67",£59.18m,£6.58m,"24,58",£122.49m,£10.21m,/manchester-city/startseite/verein/281/saison_id/2009
2009,6,aston villa,64,13,52,39,17,13,8,"32,00",£4.95m,£1.65m,"26,08",£65.25m,£5.44m,"23,00",£43.61m,£3.96m,"25,80",£30.56m,£6.11m,/aston-villa/startseite/verein/405/saison_id/2009
2009,7,liverpool,63,26,61,35,18,9,11,"23,67",£18.90m,£6.30m,"23,00",£70.29m,£5.41m,"24,00",£95.94m,£13.71m,"24,18",£118.04m,£10.73m,/fc-liverpool/startseite/verein/31/saison_id/2009
2009,8,everton,61,11,60,49,16,13,9,"28,00",£8.73m,£2.18m,"23,63",£74.48m,£4.65m,"20,92",£65.66m,£5.47m,"22,80",£50.54m,£5.05m,/fc-everton/startseite/verein/29/saison_id/2009
2009,9,birmingham city,50,-9,38,47,13,11,14,"25,50",£7.74m,£1.94m,"26,36",£11.57m,£1.05m,"25,50",£19.62m,£1.64m,"24,56",£18.23m,£2.03m,/birmingham-city/startseite/verein/337/saison_id/2009
2009,10,blackburn rovers,50,-14,41,55,13,11,14,"25,25",£5.09m,£1.27m,"25,38",£27.45m,£2.11m,"25,36",£26.15m,£2.38m,"25,00",£22.59m,£3.23m,/blackburn-rovers/startseite/verein/164/saison_id/2009
2009,11,stoke city,47,-14,34,48,11,14,13,"24,00",£3.78m,£756k,"25,92",£24.03m,£1.85m,"23,62",£18.81m,£1.45m,"27,57",£22.50m,£3.21m,/stoke-city/startseite/verein/512/saison_id/2009
2009,12,fulham,46,-7,39,46,12,10,16,"32,33",£4.10m,£1.37m,"24,83",£24.08m,£2.01m,"24,56",£27.77m,£1.74m,"25,00",£27.59m,£2.51m,/fc-fulham/startseite/verein/931/saison_id/2009
2009,13,sunderland,44,-8,48,56,11,11,16,"24,33",£7.38m,£2.46m,"25,56",£57.20m,£3.57m,"22,20",£19.04m,£1.90m,"25,33",£34.92m,£3.88m,/afc-sunderland/startseite/verein/289/saison_id/2009
2009,14,bolton wanderers,39,-25,42,67,10,9,19,"27,33",£5.36m,£1.79m,"26,55",£28.17m,£2.56m,"24,20",£26.62m,£2.66m,"24,25",£16.65m,£2.08m,/bolton-wanderers/startseite/verein/355/saison_id/2009
2009,15,wolverhampton wanderers,38,-24,32,56,9,11,18,"27,50",£3.87m,£968k,"24,47",£20.12m,£1.34m,"24,43",£12.56m,£1.79m,"22,18",£17.19m,£1.56m,/wolverhampton-wanderers/startseite/verein/543/saison_id/2009
2009,16,wigan athletic,36,-42,37,79,9,9,20,"27,40",£6.48m,£1.30m,"27,20",£23.81m,£2.38m,"24,25",£15.03m,£1.25m,"23,11",£21.20m,£2.36m,/wigan-athletic/startseite/verein/1071/saison_id/2009
2009,17,west ham united,35,-19,47,66,8,11,19,"23,00",£7.34m,£2.45m,"23,82",£26.51m,£2.41m,"24,00",£42.93m,£4.29m,"23,73",£29.70m,£2.70m,/west-ham-united/startseite/verein/379/saison_id/2009
2009,18,burnley,30,-40,42,82,8,6,24,"29,67",£2.52m,£840k,"26,85",£12.78m,£983k,"22,00",£5.36m,£669k,"23,56",£13.95m,£1.55m,/fc-burnley/startseite/verein/1132/saison_id/2009
2009,19,hull city,30,-41,34,75,6,12,20,"30,67",£3.78m,£1.26m,"24,78",£16.16m,£1.80m,"26,53",£26.37m,£1.76m,"24,70",£21.78m,£2.18m,/hull-city/startseite/verein/3008/saison_id/2009
2009,20,portsmouth,28,-32,34,66,7,7,24,"28,40",£4.05m,£810k,"24,72",£32.81m,£1.82m,"25,55",£29.25m,£2.66m,"25,09",£23.76m,£2.16m,/fc-portsmouth/startseite/verein/1020/saison_id/2009
2008,1,manchester united,90,44,68,24,28,6,4,"25,00",£10.62m,£2.12m,"23,15",£76.41m,£5.88m,"22,86",£85.23m,£6.09m,"21,60",£150.66m,£15.07m,/manchester-united/startseite/verein/985/saison_id/2008
2008,2,liverpool,86,50,77,27,25,11,2,"22,20",£15.14m,£3.03m,"24,40",£50.18m,£5.02m,"23,43",£92.43m,£13.20m,"24,09",£103.91m,£9.45m,/fc-liverpool/startseite/verein/31/saison_id/2008
2008,3,chelsea,83,44,68,24,25,8,5,"27,50",£27.90m,£6.98m,"26,70",£111.02m,£11.10m,"25,67",£130.55m,£14.51m,"23,20",£117.72m,£11.77m,/fc-chelsea/startseite/verein/631/saison_id/2008
2008,4,arsenal,72,31,68,37,20,12,6,"23,00",£8.19m,£2.05m,"22,92",£71.15m,£5.93m,"19,27",£78.03m,£5.20m,"21,20",£69.75m,£6.98m,/fc-arsenal/startseite/verein/11/saison_id/2008
2008,5,everton,63,18,55,37,17,12,9,"29,00",£6.57m,£2.19m,"25,70",£41.67m,£4.17m,"21,20",£43.54m,£4.35m,"22,78",£55.67m,£6.19m,/fc-everton/startseite/verein/29/saison_id/2008
2008,6,aston villa,62,6,54,48,17,11,10,"29,00",£4.41m,£1.47m,"24,17",£42.48m,£3.54m,"22,45",£38.48m,£3.50m,"24,50",£26.19m,£4.37m,/aston-villa/startseite/verein/405/saison_id/2008
2008,7,fulham,53,5,39,34,14,11,13,"31,33",£3.83m,£1.28m,"23,67",£15.93m,£1.33m,"24,85",£23.40m,£1.80m,"25,80",£32.31m,£3.23m,/fc-fulham/startseite/verein/931/saison_id/2008
2008,8,tottenham hotspur,51,0,45,45,14,9,15,"27,00",£11.70m,£2.34m,"23,08",£56.70m,£4.73m,"21,79",£60.12m,£4.29m,"21,75",£95.99m,£8.00m,/tottenham-hotspur/startseite/verein/148/saison_id/2008
2008,9,west ham united,51,-3,42,45,14,9,15,"25,00",£7.07m,£1.41m,"23,93",£26.15m,£1.87m,"25,09",£45.14m,£4.10m,"23,30",£24.89m,£2.49m,/west-ham-united/startseite/verein/379/saison_id/2008
2008,10,manchester city,50,8,58,50,15,5,18,"24,67",£11.48m,£3.83m,"23,79",£63.72m,£4.55m,"23,13",£37.58m,£4.70m,"23,42",£109.35m,£9.11m,/manchester-city/startseite/verein/281/saison_id/2008
2008,11,wigan athletic,45,-11,34,45,12,9,17,"31,75",£4.86m,£1.22m,"26,50",£17.78m,£2.22m,"23,80",£21.20m,£1.41m,"24,50",£27.36m,£3.42m,/wigan-athletic/startseite/verein/1071/saison_id/2008
2008,12,stoke city,45,-17,38,55,12,9,17,"30,50",£4.05m,£2.03m,"24,94",£17.55m,£1.10m,"25,27",£13.41m,£1.22m,"27,11",£18.59m,£2.07m,/stoke-city/startseite/verein/512/saison_id/2008
2008,13,bolton wanderers,41,-12,41,53,11,8,19,"28,75",£6.03m,£1.51m,"24,00",£26.51m,£2.41m,"23,78",£21.29m,£2.37m,"25,33",£28.71m,£3.19m,/bolton-wanderers/startseite/verein/355/saison_id/2008
2008,14,portsmouth,41,-19,38,57,10,11,17,"28,33",£5.22m,£1.74m,"26,77",£44.10m,£3.39m,"26,60",£37.08m,£3.71m,"26,00",£50.45m,£5.04m,/fc-portsmouth/startseite/verein/1020/saison_id/2008
2008,15,blackburn rovers,41,-20,40,60,10,11,17,"25,67",£5.04m,£1.68m,"24,75",£28.13m,£2.34m,"24,64",£24.71m,£1.76m,"26,57",£27.68m,£3.95m,/blackburn-rovers/startseite/verein/164/saison_id/2008
2008,16,sunderland,36,-20,34,54,9,9,20,"29,50",£8.30m,£2.08m,"24,38",£41.40m,£2.59m,"22,25",£20.21m,£1.68m,"25,33",£39.11m,£3.26m,/afc-sunderland/startseite/verein/289/saison_id/2008
2008,17,hull city,35,-25,39,64,8,11,19,"29,67",£1.31m,£435k,"24,10",£10.19m,£1.02m,"27,00",£19.69m,£1.51m,"28,78",£13.70m,£1.52m,/hull-city/startseite/verein/3008/saison_id/2008
2008,18,newcastle united,34,-19,40,59,7,13,18,"26,25",£9.95m,£2.49m,"23,89",£26.87m,£2.99m,"23,64",£48.51m,£3.47m,"22,91",£44.37m,£4.03m,/newcastle-united/startseite/verein/762/saison_id/2008
2008,19,middlesbrough,32,-29,28,57,7,11,20,"22,00",£990k,£330k,"21,54",£17.01m,£1.31m,"22,71",£19.80m,£2.83m,"23,00",£34.11m,£3.41m,/fc-middlesbrough/startseite/verein/641/saison_id/2008
2008,20,west bromwich albion,32,-31,36,67,8,8,22,"25,00",£5.81m,£1.94m,"25,27",£19.40m,£1.76m,"22,90",£18.41m,£1.84m,"23,00",£15.71m,£1.43m,/west-bromwich-albion/startseite/verein/984/saison_id/2008
2007,1,manchester united,87,58,80,22,27,6,5,"26,50",£10.71m,£2.68m,"24,33",£70.65m,£5.89m,"23,64",£96.03m,£8.73m,"22,18",£110.16m,£10.01m,/manchester-united/startseite/verein/985/saison_id/2007
2007,2,chelsea,85,39,65,26,25,10,3,"26,50",£27.27m,£6.82m,"24,23",£101.12m,£7.78m,"23,15",£123.53m,£9.50m,"24,78",£128.93m,£14.33m,/fc-chelsea/startseite/verein/631/saison_id/2007
2007,3,arsenal,83,43,74,31,24,11,3,"27,00",£10.94m,£2.73m,"21,58",£62.78m,£5.23m,"20,71",£80.71m,£5.76m,"21,40",£38.21m,£7.64m,/fc-arsenal/startseite/verein/11/saison_id/2007
2007,4,liverpool,76,39,67,28,21,13,4,"22,50",£16.88m,£4.22m,"23,46",£57.27m,£4.41m,"20,31",£77.60m,£5.97m,"23,64",£80.81m,£7.35m,/fc-liverpool/startseite/verein/31/saison_id/2007
2007,5,everton,65,22,55,33,19,8,11,"24,75",£5.76m,£1.44m,"25,70",£31.37m,£3.14m,"23,90",£35.64m,£3.56m,"22,63",£31.91m,£3.99m,/fc-everton/startseite/verein/29/saison_id/2007
2007,6,aston villa,60,20,71,51,16,12,10,"26,00",£7.92m,£2.64m,"24,63",£27.99m,£3.50m,"24,50",£24.03m,£3.00m,"22,17",£17.28m,£2.88m,/aston-villa/startseite/verein/405/saison_id/2007
2007,7,blackburn rovers,58,2,50,48,15,13,10,"26,00",£4.77m,£954k,"24,62",£17.51m,£1.35m,"24,31",£27.36m,£2.10m,"23,43",£12.65m,£1.81m,/blackburn-rovers/startseite/verein/164/saison_id/2007
2007,8,portsmouth,57,8,48,40,16,9,13,"27,33",£4.32m,£1.44m,"26,33",£35.19m,£2.93m,"24,36",£33.44m,£3.04m,"24,00",£34.29m,£4.29m,/fc-portsmouth/startseite/verein/1020/saison_id/2007
2007,9,manchester city,55,-8,45,53,15,10,13,"21,67",£5.45m,£1.82m,"23,00",£24.48m,£2.23m,"24,25",£20.34m,£2.54m,"23,69",£48.29m,£3.71m,/manchester-city/startseite/verein/281/saison_id/2007
2007,10,west ham united,49,-8,42,50,13,10,15,"29,67",£4.91m,£1.64m,"25,18",£20.61m,£1.87m,"25,43",£49.37m,£3.53m,"22,88",£27.77m,£3.47m,/west-ham-united/startseite/verein/379/saison_id/2007
2007,11,tottenham hotspur,46,5,66,61,11,13,14,"25,00",£8.85m,£2.21m,"23,13",£59.51m,£3.72m,"24,22",£41.42m,£4.60m,"22,25",£67.50m,£8.44m,/tottenham-hotspur/startseite/verein/148/saison_id/2007
2007,12,newcastle united,43,-20,45,65,11,10,17,"25,25",£9.32m,£2.33m,"26,10",£25.11m,£2.51m,"25,20",£45.72m,£4.57m,"22,86",£42.17m,£6.02m,/newcastle-united/startseite/verein/762/saison_id/2007
2007,13,middlesbrough,42,-10,43,53,10,12,16,"27,00",£4.06m,£1.35m,"22,25",£29.26m,£2.44m,"24,78",£27.27m,£3.03m,"22,80",£38.57m,£3.86m,/fc-middlesbrough/startseite/verein/641/saison_id/2007
2007,14,wigan athletic,40,-17,34,51,10,10,18,"28,00",£3.69m,£923k,"25,08",£24.86m,£2.07m,"25,50",£18.50m,£1.54m,"26,14",£21.38m,£3.05m,/wigan-athletic/startseite/verein/1071/saison_id/2007
2007,15,sunderland,39,-23,36,59,11,6,21,"25,00",£2.66m,£664k,"23,88",£19.28m,£1.13m,"22,73",£10.08m,£916k,"25,00",£14.94m,£1.15m,/afc-sunderland/startseite/verein/289/saison_id/2007
2007,16,bolton wanderers,37,-18,36,54,9,10,19,"27,75",£6.28m,£1.57m,"23,83",£19.44m,£1.62m,"24,64",£23.36m,£1.67m,"25,73",£33.75m,£3.07m,/bolton-wanderers/startseite/verein/355/saison_id/2007
2007,17,fulham,36,-22,38,60,8,12,18,"31,25",£8.10m,£2.03m,"25,87",£23.85m,£1.59m,"26,62",£29.77m,£2.29m,"26,27",£18.94m,£1.72m,/fc-fulham/startseite/verein/931/saison_id/2007
2007,18,reading,36,-25,41,66,10,6,22,"23,80",£1.53m,£306k,"24,59",£10.96m,£645k,"24,30",£10.40m,£1.04m,"22,55",£12.47m,£1.13m,/fc-reading/startseite/verein/1032/saison_id/2007
2007,19,birmingham city,35,-16,46,62,8,11,19,"26,50",£2.93m,£731k,"23,91",£21.38m,£1.94m,"23,22",£17.42m,£1.94m,"22,56",£24.17m,£2.69m,/birmingham-city/startseite/verein/337/saison_id/2007
2007,20,derby county,11,-69,20,89,1,8,29,"23,75",£3.87m,£968k,"26,53",£14.73m,£867k,"25,78",£11.97m,£1.33m,"25,18",£14.94m,£1.36m,/derby-county/startseite/verein/22/saison_id/2007
2006,1,manchester united,89,56,83,27,28,5,5,"26,33",£7.74m,£2.58m,"23,00",£76.37m,£5.09m,"22,75",£50.40m,£4.20m,"24,38",£72.09m,£9.01m,/manchester-united/startseite/verein/985/saison_id/2006
2006,2,chelsea,83,40,64,24,24,11,3,"25,83",£25.58m,£4.26m,"23,18",£102.29m,£9.30m,"22,54",£122.45m,£9.42m,"22,29",£113.18m,£16.17m,/fc-chelsea/startseite/verein/631/saison_id/2006
2006,3,liverpool,68,30,57,27,20,8,10,"24,00",£12.69m,£3.17m,"22,93",£55.67m,£3.71m,"20,50",£67.37m,£8.42m,"25,00",£64.71m,£5.88m,/fc-liverpool/startseite/verein/31/saison_id/2006
2006,4,arsenal,68,28,63,35,19,11,8,"29,25",£7.02m,£1.76m,"21,47",£42.17m,£2.81m,"21,67",£80.55m,£6.71m,"21,33",£69.53m,£11.59m,/fc-arsenal/startseite/verein/11/saison_id/2006
2006,5,tottenham hotspur,60,3,57,54,17,9,12,"24,20",£9.23m,£1.85m,"23,15",£40.48m,£3.11m,"23,64",£51.44m,£4.68m,"21,44",£49.07m,£5.45m,/tottenham-hotspur/startseite/verein/148/saison_id/2006
2006,6,everton,58,16,52,36,15,13,10,"25,67",£3.39m,£1.13m,"27,09",£28.67m,£2.61m,"25,10",£31.68m,£3.17m,"22,83",£27.41m,£4.57m,/fc-everton/startseite/verein/29/saison_id/2006
2006,7,bolton wanderers,56,-5,47,52,16,8,14,"24,33",£6.77m,£1.13m,"22,08",£13.61m,£1.05m,"28,86",£13.73m,£1.96m,"25,13",£21.83m,£2.73m,/bolton-wanderers/startseite/verein/355/saison_id/2006
2006,8,reading,55,5,52,47,16,7,15,"24,00",£1.04m,£259k,"24,13",£7.31m,£488k,"23,89",£5.67m,£630k,"21,89",£7.34m,£815k,/fc-reading/startseite/verein/1032/saison_id/2006
2006,9,portsmouth,54,3,45,42,14,12,12,"31,67",£4.95m,£1.65m,"27,89",£30.74m,£3.42m,"23,60",£23.00m,£2.30m,"26,88",£23.31m,£2.91m,/fc-portsmouth/startseite/verein/1020/saison_id/2006
2006,10,blackburn rovers,52,-2,52,54,15,7,16,"29,33",£3.24m,£1.08m,"26,14",£23.36m,£1.67m,"25,50",£21.74m,£2.72m,"26,50",£18.36m,£3.06m,/blackburn-rovers/startseite/verein/164/saison_id/2006
2006,11,aston villa,50,2,43,41,11,17,10,"26,00",£9.00m,£2.25m,"24,67",£22.52m,£2.50m,"24,77",£30.83m,£2.37m,"25,38",£28.71m,£3.59m,/aston-villa/startseite/verein/405/saison_id/2006
2006,12,middlesbrough,46,-5,44,49,12,10,16,"24,25",£3.78m,£945k,"22,64",£25.47m,£1.82m,"23,38",£27.59m,£3.45m,"24,33",£28.98m,£3.22m,/fc-middlesbrough/startseite/verein/641/saison_id/2006
2006,13,newcastle united,43,-9,38,47,11,10,17,"27,00",£9.50m,£1.90m,"24,27",£24.75m,£2.25m,"24,91",£59.36m,£5.40m,"22,50",£53.42m,£6.68m,/newcastle-united/startseite/verein/762/saison_id/2006
2006,14,manchester city,42,-15,29,44,11,9,18,"23,33",£6.84m,£2.28m,"24,29",£38.93m,£2.78m,"25,50",£18.18m,£3.03m,"25,00",£22.82m,£2.54m,/manchester-city/startseite/verein/281/saison_id/2006
2006,15,west ham united,41,-24,35,59,12,5,21,"28,67",£7.47m,£2.49m,"24,75",£21.74m,£1.81m,"24,09",£26.84m,£2.44m,"24,78",£39.20m,£4.36m,/west-ham-united/startseite/verein/379/saison_id/2006
2006,16,fulham,39,-22,38,60,8,15,15,"29,00",£8.10m,£1.62m,"24,18",£16.65m,£1.51m,"26,92",£30.49m,£2.35m,"26,50",£18.90m,£2.36m,/fc-fulham/startseite/verein/931/saison_id/2006
2006,17,wigan athletic,38,-22,37,59,10,8,20,"31,75",£4.23m,£1.06m,"26,50",£22.74m,£1.62m,"24,00",£16.09m,£1.46m,"25,63",£16.83m,£2.10m,/wigan-athletic/startseite/verein/1071/saison_id/2006
2006,18,sheffield united,38,-23,32,55,10,8,20,"28,25",£3.60m,£900k,"26,94",£11.57m,£680k,"23,50",£4.68m,£468k,"23,83",£12.02m,£1.00m,/sheffield-united/startseite/verein/350/saison_id/2006
2006,19,charlton athletic,34,-26,34,60,8,10,20,"23,00",£4.12m,£824k,"25,75",£23.09m,£1.92m,"24,17",£21.33m,£1.78m,"25,00",£20.90m,£2.61m,/charlton-athletic/startseite/verein/358/saison_id/2006
2006,20,watford,28,-30,29,59,5,13,20,"26,50",£1.89m,£473k,"23,13",£5.24m,£350k,"22,77",£4.55m,£350k,"21,18",£5.29m,£481k,/fc-watford/startseite/verein/1010/saison_id/2006
2005,1,chelsea,91,50,72,22,29,4,5,"23,50",£21.76m,£5.44m,"24,00",£94.95m,£11.87m,"24,50",£117.00m,£11.70m,"24,50",£83.25m,£13.88m,/fc-chelsea/startseite/verein/631/saison_id/2005
2005,2,manchester united,83,38,72,34,25,8,5,"26,67",£8.33m,£2.78m,"23,58",£74.36m,£6.20m,"24,36",£73.80m,£6.71m,"22,50",£103.14m,£12.89m,/manchester-united/startseite/verein/985/saison_id/2005
2005,3,liverpool,82,32,57,25,25,7,6,"23,00",£9.50m,£2.37m,"23,31",£40.41m,£3.11m,"22,44",£54.09m,£6.01m,"24,27",£81.99m,£7.45m,/fc-liverpool/startseite/verein/31/saison_id/2005
2005,4,arsenal,67,37,68,31,20,7,11,"28,50",£4.66m,£1.16m,"22,58",£55.76m,£4.65m,"22,00",£56.77m,£5.16m,"21,20",£79.88m,£7.99m,/fc-arsenal/startseite/verein/11/saison_id/2005
2005,5,tottenham hotspur,65,15,53,38,18,11,9,"28,00",£7.61m,£3.80m,"25,30",£33.86m,£3.39m,"24,60",£48.44m,£4.84m,"22,38",£41.04m,£5.13m,/tottenham-hotspur/startseite/verein/148/saison_id/2005
2005,6,blackburn rovers,63,9,51,42,19,6,13,"31,00",£2.93m,£1.46m,"27,70",£24.53m,£2.45m,"25,56",£22.91m,£2.55m,"25,33",£13.28m,£2.21m,/blackburn-rovers/startseite/verein/164/saison_id/2005
2005,7,newcastle united,58,5,47,42,17,7,14,"29,50",£8.55m,£4.28m,"25,25",£23.90m,£2.99m,"24,08",£63.05m,£5.25m,"25,86",£50.09m,£7.16m,/newcastle-united/startseite/verein/762/saison_id/2005
2005,8,bolton wanderers,56,8,49,41,15,11,12,"24,60",£7.65m,£1.53m,"25,11",£8.64m,£960k,"25,71",£26.78m,£3.83m,"27,00",£22.10m,£2.46m,/bolton-wanderers/startseite/verein/355/saison_id/2005
2005,9,west ham united,55,-3,52,55,16,7,15,"27,20",£5.76m,£1.15m,"24,89",£15.21m,£1.69m,"22,09",£4.14m,£376k,"24,38",£16.65m,£2.08m,/west-ham-united/startseite/verein/379/saison_id/2005
2005,10,wigan athletic,51,-7,45,52,15,6,17,"35,00",£675k,£225k,"27,00",£11.61m,£1.06m,"26,00",£11.48m,£1.28m,"26,20",£8.82m,£1.76m,/wigan-athletic/startseite/verein/1071/saison_id/2005
2005,11,everton,50,-15,34,49,14,8,16,"26,80",£7.70m,£1.54m,"26,25",£39.92m,£3.33m,"26,29",£22.95m,£3.28m,"23,86",£28.24m,£4.03m,/fc-everton/startseite/verein/29/saison_id/2005
2005,12,fulham,48,-10,48,58,14,6,18,"28,60",£6.80m,£1.36m,"24,75",£21.92m,£1.83m,"27,60",£29.30m,£2.93m,"27,50",£5.81m,£1.45m,/fc-fulham/startseite/verein/931/saison_id/2005
2005,13,charlton athletic,47,-14,41,55,13,8,17,"26,50",£4.05m,£1.01m,"24,42",£17.19m,£1.43m,"26,57",£19.26m,£2.75m,"24,23",£26.98m,£2.08m,/charlton-athletic/startseite/verein/358/saison_id/2005
2005,14,middlesbrough,45,-10,48,58,12,9,17,"23,25",£4.10m,£1.02m,"24,73",£25.49m,£1.70m,"23,80",£30.20m,£3.02m,"24,30",£38.88m,£3.89m,/fc-middlesbrough/startseite/verein/641/saison_id/2005
2005,15,manchester city,43,-5,43,48,13,4,21,"27,75",£6.26m,£1.56m,"24,09",£27.25m,£2.48m,"23,86",£7.54m,£1.08m,"25,33",£27.72m,£3.08m,/manchester-city/startseite/verein/281/saison_id/2005
2005,16,aston villa,42,-13,42,55,10,12,16,"23,67",£6.84m,£2.28m,"25,63",£24.86m,£3.11m,"24,33",£34.88m,£2.91m,"22,43",£28.67m,£4.10m,/aston-villa/startseite/verein/405/saison_id/2005
2005,17,portsmouth,38,-25,37,62,10,8,20,"28,00",£4.84m,£968k,"26,63",£17.64m,£2.21m,"25,55",£31.64m,£2.88m,"25,17",£27.63m,£2.30m,/fc-portsmouth/startseite/verein/1020/saison_id/2005
2005,18,birmingham city,34,-22,28,50,8,10,20,"29,33",£2.97m,£990k,"24,58",£21.42m,£1.79m,"25,20",£23.51m,£2.35m,"26,00",£37.94m,£4.74m,/birmingham-city/startseite/verein/337/saison_id/2005
2005,19,west bromwich albion,30,-27,31,58,7,9,22,"26,33",£5.45m,£1.82m,"24,89",£8.69m,£965k,"24,83",£20.57m,£1.71m,"26,14",£14.85m,£2.12m,/west-bromwich-albion/startseite/verein/984/saison_id/2005
2005,20,sunderland,15,-43,26,69,3,6,29,"23,00",£990k,£330k,"24,64",£16.11m,£1.46m,"23,44",£10.40m,£1.16m,"22,29",£5.22m,£746k,/afc-sunderland/startseite/verein/289/saison_id/2005
